19216,28,274,1000,1719,cf3b53b30f909
19246,8,278,1000,1719,cf3b53b30f909
19263,4,278,1000,1719,cf3b53b30f909
19368,3,277,1000,1719,cf3b53b30f909
19387,0,275,1000,1719,cf3b53b30f909
19434,1,274,1000,1719,cf3b53b30f909
19457,2,272,1000,1719,cf3b53b30f909
19472,4,270,1000,1719,cf3b53b30f909
19488,7,266,1000,1719,cf3b53b30f909
19510,17,259,1000,1719,cf3b53b30f909
19526,27,255,1000,1719,cf3b53b30f909
19542,39,250,1000,1719,cf3b53b30f909
19558,47,244,1000,1719,cf3b53b30f909
19572,52,240,1000,1719,cf3b53b30f909
19588,58,236,1000,1719,cf3b53b30f909
19604,64,231,1000,1719,cf3b53b30f909
19628,73,226,1000,1719,cf3b53b30f909
19642,77,221,1000,1719,cf3b53b30f909
19658,82,219,1000,1719,cf3b53b30f909
19675,88,216,1000,1719,cf3b53b30f909
19690,94,215,1000,1719,cf3b53b30f909
19704,101,213,1000,1719,cf3b53b30f909
19728,113,213,1000,1719,cf3b53b30f909
19736,117,214,1000,1719,cf3b53b30f909
19760,124,218,1000,1719,cf3b53b30f909
19774,129,223,1000,1719,cf3b53b30f909
19790,135,228,1000,1719,cf3b53b30f909
19806,142,235,1000,1719,cf3b53b30f909
19822,147,245,1000,1719,cf3b53b30f909
19838,154,253,1000,1719,cf3b53b30f909
19860,162,261,1000,1719,cf3b53b30f909
19876,164,264,1000,1719,cf3b53b30f909
19893,164,265,1000,1719,cf3b53b30f909
19913,164,267,1000,1719,cf3b53b30f909
19926,162,271,1000,1719,cf3b53b30f909
19942,159,275,1000,1719,cf3b53b30f909
19958,155,279,1000,1719,cf3b53b30f909
19974,152,283,1000,1719,cf3b53b30f909
19996,146,289,1000,1719,cf3b53b30f909
20011,143,294,1000,1719,cf3b53b30f909
20028,138,298,1000,1719,cf3b53b30f909
20044,135,303,1000,1719,cf3b53b30f909
20060,131,309,1000,1719,cf3b53b30f909
20074,128,317,1000,1719,cf3b53b30f909
20090,126,325,1000,1719,cf3b53b30f909
20106,126,338,1000,1719,cf3b53b30f909
20122,124,350,1000,1719,cf3b53b30f909
20144,126,366,1000,1719,cf3b53b30f909
20160,130,378,1000,1719,cf3b53b30f909
20176,133,387,1000,1719,cf3b53b30f909
20192,138,393,1000,1719,cf3b53b30f909
20208,140,400,1000,1719,cf3b53b30f909
20230,144,405,1000,1719,cf3b53b30f909
20246,148,410,1000,1719,cf3b53b30f909
20262,153,415,1000,1719,cf3b53b30f909
20278,158,420,1000,1719,cf3b53b30f909
20292,163,423,1000,1719,cf3b53b30f909
20307,168,428,1000,1719,cf3b53b30f909
20324,170,429,1000,1719,cf3b53b30f909
20340,172,432,1000,1719,cf3b53b30f909
20362,179,436,1000,1719,cf3b53b30f909
20378,186,441,1000,1719,cf3b53b30f909
20394,196,445,1000,1719,cf3b53b30f909
20410,207,446,1000,1719,cf3b53b30f909
20426,216,448,1000,1719,cf3b53b30f909
20440,223,448,1000,1719,cf3b53b30f909
20457,229,446,1000,1719,cf3b53b30f909
20472,234,442,1000,1719,cf3b53b30f909
20496,247,434,1000,1719,cf3b53b30f909
20510,254,429,1000,1719,cf3b53b30f909
20526,266,423,1000,1719,cf3b53b30f909
20542,278,414,1000,1719,cf3b53b30f909
20558,294,401,1000,1719,cf3b53b30f909
20579,317,383,1000,1719,cf3b53b30f909
20596,326,372,1000,1719,cf3b53b30f909
20611,330,365,1000,1719,cf3b53b30f909
20628,330,362,1000,1719,cf3b53b30f909
20646,328,360,1000,1719,cf3b53b30f909
20662,327,356,1000,1719,cf3b53b30f909
20678,332,351,1000,1719,cf3b53b30f909
20693,339,345,1000,1719,cf3b53b30f909
20710,348,340,1000,1719,cf3b53b30f909
20724,353,336,1000,1719,cf3b53b30f909
20740,355,336,1000,1719,cf3b53b30f909
20760,354,337,1000,1719,cf3b53b30f909
20776,344,345,1000,1719,cf3b53b30f909
20790,336,352,1000,1719,cf3b53b30f909
20815,331,358,1000,1719,cf3b53b30f909
20831,335,359,1000,1719,cf3b53b30f909
20846,362,355,1000,1719,cf3b53b30f909
20863,405,346,1000,1719,cf3b53b30f909
20875,465,332,1000,1719,cf3b53b30f909
20892,535,320,1000,1719,cf3b53b30f909
20908,592,305,1000,1719,cf3b53b30f909
20924,633,288,1000,1719,cf3b53b30f909
20946,667,268,1000,1719,cf3b53b30f909
20954,669,266,1000,1719,cf3b53b30f909
21008,672,266,1000,1719,cf3b53b30f909
21095,673,261,1000,1719,cf3b53b30f909
21110,672,258,1000,1719,cf3b53b30f909
21126,667,255,1000,1719,cf3b53b30f909
21142,664,252,1000,1719,cf3b53b30f909
21157,661,251,1000,1719,cf3b53b30f909
21169,660,251,1000,1719,cf3b53b30f909
21257,659,249,1000,1719,cf3b53b30f909
21468,658,249,1000,1719,cf3b53b30f909
22286,658,250,1000,1719,cf3b53b30f909
22302,658,250,1000,1719,cf3b53b30f909
22324,658,251,1000,1719,cf3b53b30f909
22380,657,251,1000,1719,cf3b53b30f909
22391,657,252,1000,1719,cf3b53b30f909
22414,654,256,1000,1719,cf3b53b30f909
22431,652,260,1000,1719,cf3b53b30f909
22447,650,263,1000,1719,cf3b53b30f909
22460,648,265,1000,1719,cf3b53b30f909
22476,647,266,1000,1719,cf3b53b30f909
22558,644,269,1000,1719,cf3b53b30f909
22573,641,273,1000,1719,cf3b53b30f909
22599,635,280,1000,1719,cf3b53b30f909
22613,632,284,1000,1719,cf3b53b30f909
22628,629,288,1000,1719,cf3b53b30f909
22660,627,292,1000,1719,cf3b53b30f909
22679,626,295,1000,1719,cf3b53b30f909
22695,623,299,1000,1719,cf3b53b30f909
22711,620,304,1000,1719,cf3b53b30f909
22726,618,306,1000,1719,cf3b53b30f909
22743,617,308,1000,1719,cf3b53b30f909
22793,616,309,1000,1719,cf3b53b30f909
22813,614,311,1000,1719,cf3b53b30f909
22827,613,313,1000,1719,cf3b53b30f909
22843,613,314,1000,1719,cf3b53b30f909
23142,613,315,1000,1719,cf3b53b30f909
23162,612,317,1000,1719,cf3b53b30f909
23178,610,320,1000,1719,cf3b53b30f909
23193,610,323,1000,1719,cf3b53b30f909
23209,609,325,1000,1719,cf3b53b30f909
23225,607,329,1000,1719,cf3b53b30f909
23241,605,333,1000,1719,cf3b53b30f909
23263,602,337,1000,1719,cf3b53b30f909
23294,600,343,1000,1719,cf3b53b30f909
23310,598,346,1000,1719,cf3b53b30f909
23333,596,351,1000,1719,cf3b53b30f909
23348,594,354,1000,1719,cf3b53b30f909
23365,591,358,1000,1719,cf3b53b30f909
23381,588,361,1000,1719,cf3b53b30f909
23397,586,365,1000,1719,cf3b53b30f909
23411,582,367,1000,1719,cf3b53b30f909
23430,580,370,1000,1719,cf3b53b30f909
23447,578,371,1000,1719,cf3b53b30f909
23462,576,375,1000,1719,cf3b53b30f909
23481,575,377,1000,1719,cf3b53b30f909
23497,573,378,1000,1719,cf3b53b30f909
23513,573,379,1000,1719,cf3b53b30f909
23551,572,379,1000,1719,cf3b53b30f909
23575,571,380,1000,1719,cf3b53b30f909
23599,570,382,1000,1719,cf3b53b30f909
23612,570,384,1000,1719,cf3b53b30f909
23632,570,385,1000,1719,cf3b53b30f909
23694,570,386,1000,1719,cf3b53b30f909
23879,571,385,1000,1719,cf3b53b30f909
24878,571,386,1000,1719,cf3b53b30f909
24895,572,390,1000,1719,cf3b53b30f909
24910,572,392,1000,1719,cf3b53b30f909
24932,574,396,1000,1719,cf3b53b30f909
24948,576,399,1000,1719,cf3b53b30f909
24964,579,403,1000,1719,cf3b53b30f909
24980,583,406,1000,1719,cf3b53b30f909
24994,586,409,1000,1719,cf3b53b30f909
25010,588,411,1000,1719,cf3b53b30f909
25047,588,412,1000,1719,cf3b53b30f909
25063,591,415,1000,1719,cf3b53b30f909
25084,595,419,1000,1719,cf3b53b30f909
25101,597,421,1000,1719,cf3b53b30f909
25117,599,424,1000,1719,cf3b53b30f909
25132,599,427,1000,1719,cf3b53b30f909
25147,600,430,1000,1719,cf3b53b30f909
25162,601,432,1000,1719,cf3b53b30f909
25178,601,434,1000,1719,cf3b53b30f909
25195,601,436,1000,1719,cf3b53b30f909
25208,602,437,1000,1719,cf3b53b30f909
25294,602,440,1000,1719,cf3b53b30f909
25314,602,441,1000,1719,cf3b53b30f909
25548,602,442,1000,1719,cf3b53b30f909
25704,602,442,1000,1719,cf3b53b30f909
25730,602,443,1000,1719,cf3b53b30f909
27012,603,443,1000,1719,cf3b53b30f909
27034,611,451,1000,1719,cf3b53b30f909
27050,617,456,1000,1719,cf3b53b30f909
27066,621,460,1000,1719,cf3b53b30f909
27082,622,462,1000,1719,cf3b53b30f909
27096,623,464,1000,1719,cf3b53b30f909
27113,625,466,1000,1719,cf3b53b30f909
27129,628,470,1000,1719,cf3b53b30f909
27144,631,474,1000,1719,cf3b53b30f909
27167,634,478,1000,1719,cf3b53b30f909
27182,635,481,1000,1719,cf3b53b30f909
27198,637,484,1000,1719,cf3b53b30f909
27214,639,487,1000,1719,cf3b53b30f909
27229,641,490,1000,1719,cf3b53b30f909
27244,643,493,1000,1719,cf3b53b30f909
27260,645,495,1000,1719,cf3b53b30f909
27284,647,500,1000,1719,cf3b53b30f909
27293,648,502,1000,1719,cf3b53b30f909
27314,652,509,1000,1719,cf3b53b30f909
27330,653,513,1000,1719,cf3b53b30f909
27347,654,516,1000,1719,cf3b53b30f909
27362,654,518,1000,1719,cf3b53b30f909
27371,654,520,1000,1719,cf3b53b30f909
27396,654,521,1000,1719,cf3b53b30f909
27412,654,523,1000,1719,cf3b53b30f909
27427,655,525,1000,1719,cf3b53b30f909
27435,655,526,1000,1719,cf3b53b30f909
169,989,328,1000,1719,a50d27029ba3d8
7021,13,371,1000,1719,a50d27029ba3d8
7046,41,365,1000,1719,a50d27029ba3d8
7061,61,360,1000,1719,a50d27029ba3d8
7077,81,352,1000,1719,a50d27029ba3d8
7091,101,349,1000,1719,a50d27029ba3d8
7107,116,345,1000,1719,a50d27029ba3d8
7124,126,343,1000,1719,a50d27029ba3d8
7139,133,343,1000,1719,a50d27029ba3d8
7161,143,343,1000,1719,a50d27029ba3d8
7177,155,343,1000,1719,a50d27029ba3d8
7194,171,343,1000,1719,a50d27029ba3d8
7210,186,344,1000,1719,a50d27029ba3d8
7223,196,347,1000,1719,a50d27029ba3d8
7239,202,350,1000,1719,a50d27029ba3d8
7255,207,351,1000,1719,a50d27029ba3d8
7271,213,354,1000,1719,a50d27029ba3d8
7296,220,359,1000,1719,a50d27029ba3d8
7309,224,364,1000,1719,a50d27029ba3d8
7326,229,368,1000,1719,a50d27029ba3d8
7341,233,373,1000,1719,a50d27029ba3d8
7357,235,376,1000,1719,a50d27029ba3d8
7371,240,380,1000,1719,a50d27029ba3d8
7395,247,387,1000,1719,a50d27029ba3d8
7411,252,392,1000,1719,a50d27029ba3d8
7427,255,397,1000,1719,a50d27029ba3d8
7441,257,402,1000,1719,a50d27029ba3d8
7457,259,405,1000,1719,a50d27029ba3d8
7473,262,410,1000,1719,a50d27029ba3d8
7489,265,415,1000,1719,a50d27029ba3d8
7505,266,419,1000,1719,a50d27029ba3d8
7528,270,426,1000,1719,a50d27029ba3d8
7543,272,431,1000,1719,a50d27029ba3d8
7559,274,434,1000,1719,a50d27029ba3d8
7575,279,439,1000,1719,a50d27029ba3d8
7589,284,442,1000,1719,a50d27029ba3d8
7605,288,444,1000,1719,a50d27029ba3d8
7630,293,449,1000,1719,a50d27029ba3d8
7645,298,454,1000,1719,a50d27029ba3d8
7659,302,457,1000,1719,a50d27029ba3d8
7676,307,461,1000,1719,a50d27029ba3d8
7691,313,462,1000,1719,a50d27029ba3d8
7707,317,463,1000,1719,a50d27029ba3d8
7723,322,463,1000,1719,a50d27029ba3d8
7745,330,463,1000,1719,a50d27029ba3d8
7761,334,463,1000,1719,a50d27029ba3d8
7777,339,463,1000,1719,a50d27029ba3d8
7793,342,462,1000,1719,a50d27029ba3d8
7807,345,462,1000,1719,a50d27029ba3d8
7815,346,461,1000,1719,a50d27029ba3d8
7843,348,461,1000,1719,a50d27029ba3d8
7890,350,460,1000,1719,a50d27029ba3d8
7943,351,459,1000,1719,a50d27029ba3d8
7972,352,459,1000,1719,a50d27029ba3d8
8038,352,458,1000,1719,a50d27029ba3d8
8453,352,458,1000,1719,a50d27029ba3d8
8481,352,458,1000,1719,a50d27029ba3d8
1168,352,457,1000,1719,3ecf6309f3ca48
1182,349,451,1000,1719,3ecf6309f3ca48
1198,348,446,1000,1719,3ecf6309f3ca48
1214,346,442,1000,1719,3ecf6309f3ca48
1234,346,440,1000,1719,3ecf6309f3ca48
1284,344,438,1000,1719,3ecf6309f3ca48
1300,342,435,1000,1719,3ecf6309f3ca48
1316,340,432,1000,1719,3ecf6309f3ca48
1329,338,429,1000,1719,3ecf6309f3ca48
1354,334,422,1000,1719,3ecf6309f3ca48
1362,332,420,1000,1719,3ecf6309f3ca48
1386,326,412,1000,1719,3ecf6309f3ca48
1400,322,408,1000,1719,3ecf6309f3ca48
1415,318,405,1000,1719,3ecf6309f3ca48
1436,317,404,1000,1719,3ecf6309f3ca48
1447,316,404,1000,1719,3ecf6309f3ca48
1468,315,404,1000,1719,3ecf6309f3ca48
1478,313,404,1000,1719,3ecf6309f3ca48
1498,311,403,1000,1719,3ecf6309f3ca48
1514,307,403,1000,1719,3ecf6309f3ca48
1530,305,403,1000,1719,3ecf6309f3ca48
1552,302,403,1000,1719,3ecf6309f3ca48
1568,300,404,1000,1719,3ecf6309f3ca48
1584,297,404,1000,1719,3ecf6309f3ca48
1600,293,405,1000,1719,3ecf6309f3ca48
1613,289,405,1000,1719,3ecf6309f3ca48
1630,286,405,1000,1719,3ecf6309f3ca48
1649,284,405,1000,1719,3ecf6309f3ca48
1666,282,406,1000,1719,3ecf6309f3ca48
1682,278,406,1000,1719,3ecf6309f3ca48
1696,274,406,1000,1719,3ecf6309f3ca48
1720,267,406,1000,1719,3ecf6309f3ca48
1736,263,406,1000,1719,3ecf6309f3ca48
1752,258,402,1000,1719,3ecf6309f3ca48
1766,251,397,1000,1719,3ecf6309f3ca48
1782,246,390,1000,1719,3ecf6309f3ca48
1797,240,385,1000,1719,3ecf6309f3ca48
1814,238,381,1000,1719,3ecf6309f3ca48
1835,235,378,1000,1719,3ecf6309f3ca48
1852,234,377,1000,1719,3ecf6309f3ca48
1868,232,376,1000,1719,3ecf6309f3ca48
1884,231,374,1000,1719,3ecf6309f3ca48
1900,229,373,1000,1719,3ecf6309f3ca48
1918,226,371,1000,1719,3ecf6309f3ca48
1934,224,370,1000,1719,3ecf6309f3ca48
1958,223,370,1000,1719,3ecf6309f3ca48
2032,222,371,1000,1719,3ecf6309f3ca48
2053,218,375,1000,1719,3ecf6309f3ca48
2069,216,378,1000,1719,3ecf6309f3ca48
2086,214,380,1000,1719,3ecf6309f3ca48
2102,212,382,1000,1719,3ecf6309f3ca48
2118,211,383,1000,1719,3ecf6309f3ca48
2124,210,384,1000,1719,3ecf6309f3ca48
2148,209,386,1000,1719,3ecf6309f3ca48
2163,207,388,1000,1719,3ecf6309f3ca48
2180,207,391,1000,1719,3ecf6309f3ca48
2201,206,395,1000,1719,3ecf6309f3ca48
2218,207,398,1000,1719,3ecf6309f3ca48
2230,207,399,1000,1719,3ecf6309f3ca48
2246,207,400,1000,1719,3ecf6309f3ca48
2272,207,401,1000,1719,3ecf6309f3ca48
2287,208,404,1000,1719,3ecf6309f3ca48
2304,208,408,1000,1719,3ecf6309f3ca48
2319,208,411,1000,1719,3ecf6309f3ca48
2335,208,415,1000,1719,3ecf6309f3ca48
2349,208,417,1000,1719,3ecf6309f3ca48
2366,208,419,1000,1719,3ecf6309f3ca48
2382,207,421,1000,1719,3ecf6309f3ca48
2406,207,424,1000,1719,3ecf6309f3ca48
2416,206,425,1000,1719,3ecf6309f3ca48
2431,205,427,1000,1719,3ecf6309f3ca48
2448,205,430,1000,1719,3ecf6309f3ca48
2468,204,433,1000,1719,3ecf6309f3ca48
2485,204,435,1000,1719,3ecf6309f3ca48
2497,203,436,1000,1719,3ecf6309f3ca48
2521,203,438,1000,1719,3ecf6309f3ca48
2537,203,440,1000,1719,3ecf6309f3ca48
2546,203,441,1000,1719,3ecf6309f3ca48
2567,204,442,1000,1719,3ecf6309f3ca48
2584,205,444,1000,1719,3ecf6309f3ca48
2600,206,445,1000,1719,3ecf6309f3ca48
2616,207,446,1000,1719,3ecf6309f3ca48
1035,207,445,1000,1719,158fe2f160557
1065,209,442,1000,1719,158fe2f160557
1081,210,438,1000,1719,158fe2f160557
1089,211,436,1000,1719,158fe2f160557
1113,214,427,1000,1719,158fe2f160557
1126,216,420,1000,1719,158fe2f160557
1143,217,417,1000,1719,158fe2f160557
1159,219,412,1000,1719,158fe2f160557
1183,226,404,1000,1719,158fe2f160557
1196,231,398,1000,1719,158fe2f160557
1213,236,393,1000,1719,158fe2f160557
1230,241,388,1000,1719,158fe2f160557
1244,246,382,1000,1719,158fe2f160557
1267,256,370,1000,1719,158fe2f160557
1284,266,361,1000,1719,158fe2f160557
1299,272,354,1000,1719,158fe2f160557
1315,278,348,1000,1719,158fe2f160557
1329,282,343,1000,1719,158fe2f160557
1345,288,340,1000,1719,158fe2f160557
1376,303,333,1000,1719,158fe2f160557
1394,310,332,1000,1719,158fe2f160557
1416,317,330,1000,1719,158fe2f160557
1431,322,330,1000,1719,158fe2f160557
1447,326,330,1000,1719,158fe2f160557
1463,329,330,1000,1719,158fe2f160557
1480,332,330,1000,1719,158fe2f160557
1496,337,331,1000,1719,158fe2f160557
1514,341,334,1000,1719,158fe2f160557
1528,345,336,1000,1719,158fe2f160557
1545,351,339,1000,1719,158fe2f160557
1558,355,343,1000,1719,158fe2f160557
1583,360,347,1000,1719,158fe2f160557
1599,363,351,1000,1719,158fe2f160557
1615,365,352,1000,1719,158fe2f160557
1629,367,354,1000,1719,158fe2f160557
1646,369,357,1000,1719,158fe2f160557
1661,372,362,1000,1719,158fe2f160557
1677,376,366,1000,1719,158fe2f160557
1699,381,371,1000,1719,158fe2f160557
1715,383,375,1000,1719,158fe2f160557
1732,385,377,1000,1719,158fe2f160557
1748,388,380,1000,1719,158fe2f160557
1760,391,385,1000,1719,158fe2f160557
1778,396,389,1000,1719,158fe2f160557
1793,399,394,1000,1719,158fe2f160557
1809,404,397,1000,1719,158fe2f160557
1834,409,404,1000,1719,158fe2f160557
1848,415,409,1000,1719,158fe2f160557
1864,423,414,1000,1719,158fe2f160557
1880,430,419,1000,1719,158fe2f160557
1895,435,425,1000,1719,158fe2f160557
1910,440,430,1000,1719,158fe2f160557
1934,448,439,1000,1719,158fe2f160557
1949,454,446,1000,1719,158fe2f160557
1966,458,452,1000,1719,158fe2f160557
1980,460,457,1000,1719,158fe2f160557
1996,463,463,1000,1719,158fe2f160557
2011,465,470,1000,1719,158fe2f160557
2028,468,476,1000,1719,158fe2f160557
2044,471,482,1000,1719,158fe2f160557
2073,473,492,1000,1719,158fe2f160557
2089,469,500,1000,1719,158fe2f160557
2105,464,506,1000,1719,158fe2f160557
2121,460,511,1000,1719,158fe2f160557
2135,454,517,1000,1719,158fe2f160557
2151,444,524,1000,1719,158fe2f160557
2167,432,531,1000,1719,158fe2f160557
2184,420,537,1000,1719,158fe2f160557
2206,409,544,1000,1719,158fe2f160557
2221,403,550,1000,1719,158fe2f160557
2237,397,553,1000,1719,158fe2f160557
2253,392,556,1000,1719,158fe2f160557
2267,387,562,1000,1719,158fe2f160557
2284,384,566,1000,1719,158fe2f160557
2299,384,569,1000,1719,158fe2f160557
2315,384,571,1000,1719,158fe2f160557
2331,384,575,1000,1719,158fe2f160557
2353,386,582,1000,1719,158fe2f160557
2369,389,587,1000,1719,158fe2f160557
2386,394,593,1000,1719,158fe2f160557
2401,401,598,1000,1719,158fe2f160557
2415,409,602,1000,1719,158fe2f160557
2439,420,604,1000,1719,158fe2f160557
2456,424,605,1000,1719,158fe2f160557
2472,427,603,1000,1719,158fe2f160557
2550,428,602,1000,1719,158fe2f160557
2564,429,600,1000,1719,158fe2f160557
2697,429,601,1000,1719,158fe2f160557
2850,423,665,1000,1719,158fe2f160557
2866,418,673,1000,1719,158fe2f160557
2883,412,681,1000,1719,158fe2f160557
2899,401,687,1000,1719,158fe2f160557
2914,386,687,1000,1719,158fe2f160557
2929,368,695,1000,1719,158fe2f160557
2954,349,705,1000,1719,158fe2f160557
2969,343,705,1000,1719,158fe2f160557
2983,338,708,1000,1719,158fe2f160557
3000,332,711,1000,1719,158fe2f160557
3016,328,715,1000,1719,158fe2f160557
3031,324,717,1000,1719,158fe2f160557
3039,322,723,1000,1719,158fe2f160557
3065,321,723,1000,1719,158fe2f160557
3151,320,749,1000,1719,158fe2f160557
3167,316,757,1000,1719,158fe2f160557
3184,312,766,1000,1719,158fe2f160557
3200,308,782,1000,1719,158fe2f160557
3214,303,791,1000,1719,158fe2f160557
3229,299,799,1000,1719,158fe2f160557
3238,298,806,1000,1719,158fe2f160557
3304,296,822,1000,1719,158fe2f160557
3319,293,827,1000,1719,158fe2f160557
3340,292,835,1000,1719,158fe2f160557
3366,290,839,1000,1719,158fe2f160557
3382,286,845,1000,1719,158fe2f160557
3398,282,850,1000,1719,158fe2f160557
3419,276,856,1000,1719,158fe2f160557
3435,274,859,1000,1719,158fe2f160557
3451,272,863,1000,1719,158fe2f160557
3468,270,863,1000,1719,158fe2f160557
3483,269,869,1000,1719,158fe2f160557
3494,268,869,1000,1719,158fe2f160557
3664,269,923,1000,1719,158fe2f160557
3682,273,940,1000,1719,158fe2f160557
3703,276,941,1000,1719,158fe2f160557
3720,278,958,1000,1719,158fe2f160557
3728,278,966,1000,1719,158fe2f160557
3740,278,974,1000,1719,158fe2f160557
3771,278,986,1000,1719,158fe2f160557
3861,278,1007,1000,1719,158fe2f160557
3898,278,1010,1000,1719,158fe2f160557
3915,276,1009,1000,1719,158fe2f160557
3928,272,1002,1000,1719,158fe2f160557
3953,264,985,1000,1719,158fe2f160557
3969,259,975,1000,1719,158fe2f160557
3985,255,969,1000,1719,158fe2f160557
4003,250,963,1000,1719,158fe2f160557
4015,245,958,1000,1719,158fe2f160557
4031,240,951,1000,1719,158fe2f160557
4043,238,951,1000,1719,158fe2f160557
4281,244,1011,1000,1719,158fe2f160557
4296,260,1012,1000,1719,158fe2f160557
4319,285,1017,1000,1719,158fe2f160557
4336,296,1010,1000,1719,158fe2f160557
4365,320,1022,1000,1719,158fe2f160557
4381,337,1023,1000,1719,158fe2f160557
4397,356,1016,1000,1719,158fe2f160557
4421,391,1023,1000,1719,158fe2f160557
4435,414,1030,1000,1719,158fe2f160557
4451,436,1038,1000,1719,158fe2f160557
4467,458,1039,1000,1719,158fe2f160557
4483,482,1045,1000,1719,158fe2f160557
4499,504,1043,1000,1719,158fe2f160557
4521,523,1051,1000,1719,158fe2f160557
4537,526,1058,1000,1719,158fe2f160557
4553,530,1065,1000,1719,158fe2f160557
4567,534,1073,1000,1719,158fe2f160557
4583,537,1078,1000,1719,158fe2f160557
4599,539,1080,1000,1719,158fe2f160557
4867,537,1159,1000,1719,158fe2f160557
4883,532,1164,1000,1719,158fe2f160557
4900,528,1180,1000,1719,158fe2f160557
4915,522,1197,1000,1719,158fe2f160557
4929,516,1213,1000,1719,158fe2f160557
4953,506,1231,1000,1719,158fe2f160557
4969,498,1247,1000,1719,158fe2f160557
4985,489,1260,1000,1719,158fe2f160557
4999,481,1275,1000,1719,158fe2f160557
5015,475,1293,1000,1719,158fe2f160557
5031,470,1299,1000,1719,158fe2f160557
5048,464,1309,1000,1719,158fe2f160557
5064,461,1316,1000,1719,158fe2f160557
5077,460,1318,1000,1719,158fe2f160557
5101,458,1321,1000,1719,158fe2f160557
5117,453,1327,1000,1719,158fe2f160557
5134,449,1332,1000,1719,158fe2f160557
5147,444,1336,1000,1719,158fe2f160557
5163,440,1341,1000,1719,158fe2f160557
5179,435,1345,1000,1719,158fe2f160557
5203,428,1352,1000,1719,158fe2f160557
5217,425,1358,1000,1719,158fe2f160557
5233,421,1363,1000,1719,158fe2f160557
5249,419,1368,1000,1719,158fe2f160557
5265,416,1370,1000,1719,158fe2f160557
5285,414,1373,1000,1719,158fe2f160557
5299,413,1374,1000,1719,158fe2f160557
5315,411,1377,1000,1719,158fe2f160557
5331,408,1381,1000,1719,158fe2f160557
5347,406,1385,1000,1719,158fe2f160557
5369,404,1388,1000,1719,158fe2f160557
5385,403,1391,1000,1719,158fe2f160557
5402,402,1392,1000,1719,158fe2f160557
5417,401,1394,1000,1719,158fe2f160557
5429,400,1395,1000,1719,158fe2f160557
5451,399,1396,1000,1719,158fe2f160557
5479,399,1397,1000,1719,158fe2f160557
5487,398,1398,1000,1719,158fe2f160557
5509,397,1400,1000,1719,158fe2f160557
5529,396,1401,1000,1719,158fe2f160557
5607,395,1402,1000,1719,158fe2f160557
5619,394,1403,1000,1719,158fe2f160557
5639,394,1404,1000,1719,158fe2f160557
5673,392,1406,1000,1719,158fe2f160557
5681,392,1407,1000,1719,158fe2f160557
5705,392,1408,1000,1719,158fe2f160557
6747,392,1407,1000,1719,158fe2f160557
6771,392,1404,1000,1719,158fe2f160557
6795,392,1396,1000,1719,158fe2f160557
6811,392,1386,1000,1719,158fe2f160557
6825,389,1375,1000,1719,158fe2f160557
6841,385,1361,1000,1719,158fe2f160557
6857,382,1348,1000,1719,158fe2f160557
6873,379,1338,1000,1719,158fe2f160557
6895,378,1329,1000,1719,158fe2f160557
6923,378,1326,1000,1719,158fe2f160557
6943,378,1322,1000,1719,158fe2f160557
6957,380,1316,1000,1719,158fe2f160557
6973,383,1309,1000,1719,158fe2f160557
6989,385,1304,1000,1719,158fe2f160557
7005,386,1300,1000,1719,158fe2f160557
7027,387,1294,1000,1719,158fe2f160557
7043,387,1289,1000,1719,158fe2f160557
7059,387,1283,1000,1719,158fe2f160557
7074,387,1276,1000,1719,158fe2f160557
7091,387,1269,1000,1719,158fe2f160557
7105,387,1266,1000,1719,158fe2f160557
7129,385,1259,1000,1719,158fe2f160557
7144,384,1254,1000,1719,158fe2f160557
7161,383,1249,1000,1719,158fe2f160557
7175,380,1245,1000,1719,158fe2f160557
7191,378,1240,1000,1719,158fe2f160557
7207,377,1235,1000,1719,158fe2f160557
7223,376,1232,1000,1719,158fe2f160557
7244,375,1228,1000,1719,158fe2f160557
7261,374,1223,1000,1719,158fe2f160557
7277,372,1218,1000,1719,158fe2f160557
7293,372,1212,1000,1719,158fe2f160557
7309,372,1208,1000,1719,158fe2f160557
7323,372,1203,1000,1719,158fe2f160557
7339,372,1194,1000,1719,158fe2f160557
7355,375,1183,1000,1719,158fe2f160557
7379,380,1169,1000,1719,158fe2f160557
7393,383,1162,1000,1719,158fe2f160557
7409,387,1152,1000,1719,158fe2f160557
7423,391,1145,1000,1719,158fe2f160557
7440,397,1138,1000,1719,158fe2f160557
7454,402,1132,1000,1719,158fe2f160557
7479,406,1125,1000,1719,158fe2f160557
7495,408,1121,1000,1719,158fe2f160557
7511,413,1115,1000,1719,158fe2f160557
7525,418,1109,1000,1719,158fe2f160557
7541,422,1104,1000,1719,158fe2f160557
7556,425,1100,1000,1719,158fe2f160557
7573,426,1098,1000,1719,158fe2f160557
7588,428,1094,1000,1719,158fe2f160557
7611,433,1089,1000,1719,158fe2f160557
7626,434,1086,1000,1719,158fe2f160557
7643,435,1085,1000,1719,158fe2f160557
7658,439,1082,1000,1719,158fe2f160557
7672,443,1078,1000,1719,158fe2f160557
7688,447,1074,1000,1719,158fe2f160557
7705,452,1069,1000,1719,158fe2f160557
7729,459,1062,1000,1719,158fe2f160557
7743,465,1058,1000,1719,158fe2f160557
7759,471,1050,1000,1719,158fe2f160557
7775,481,1037,1000,1719,158fe2f160557
7789,488,1024,1000,1719,158fe2f160557
7806,494,1015,1000,1719,158fe2f160557
7828,500,1007,1000,1719,158fe2f160557
7845,502,1004,1000,1719,158fe2f160557
384,750,93,1000,1719,69a52cf4c9e7c
660,753,90,1000,1719,69a52cf4c9e7c
668,754,90,1000,1719,69a52cf4c9e7c
1142,753,91,1000,1719,69a52cf4c9e7c
1157,746,98,1000,1719,69a52cf4c9e7c
1173,729,113,1000,1719,69a52cf4c9e7c
1189,710,123,1000,1719,69a52cf4c9e7c
1205,696,130,1000,1719,69a52cf4c9e7c
1219,682,137,1000,1719,69a52cf4c9e7c
1235,668,151,1000,1719,69a52cf4c9e7c
1251,654,161,1000,1719,69a52cf4c9e7c
1276,634,174,1000,1719,69a52cf4c9e7c
1289,623,184,1000,1719,69a52cf4c9e7c
1305,616,192,1000,1719,69a52cf4c9e7c
1321,607,209,1000,1719,69a52cf4c9e7c
1337,597,230,1000,1719,69a52cf4c9e7c
1359,584,258,1000,1719,69a52cf4c9e7c
1392,583,295,1000,1719,69a52cf4c9e7c
1408,591,314,1000,1719,69a52cf4c9e7c
1424,598,329,1000,1719,69a52cf4c9e7c
1437,605,342,1000,1719,69a52cf4c9e7c
1454,612,349,1000,1719,69a52cf4c9e7c
1469,618,354,1000,1719,69a52cf4c9e7c
1485,621,357,1000,1719,69a52cf4c9e7c
1531,622,356,1000,1719,69a52cf4c9e7c
1551,626,350,1000,1719,69a52cf4c9e7c
1573,632,333,1000,1719,69a52cf4c9e7c
1589,633,324,1000,1719,69a52cf4c9e7c
1605,633,315,1000,1719,69a52cf4c9e7c
1621,633,307,1000,1719,69a52cf4c9e7c
1637,633,300,1000,1719,69a52cf4c9e7c
1652,631,294,1000,1719,69a52cf4c9e7c
1676,628,286,1000,1719,69a52cf4c9e7c
1692,627,282,1000,1719,69a52cf4c9e7c
1708,624,279,1000,1719,69a52cf4c9e7c
1721,623,276,1000,1719,69a52cf4c9e7c
1737,623,274,1000,1719,69a52cf4c9e7c
1754,622,271,1000,1719,69a52cf4c9e7c
1769,622,269,1000,1719,69a52cf4c9e7c
1781,622,268,1000,1719,69a52cf4c9e7c
1804,621,267,1000,1719,69a52cf4c9e7c
1820,621,264,1000,1719,69a52cf4c9e7c
1836,621,260,1000,1719,69a52cf4c9e7c
1852,622,256,1000,1719,69a52cf4c9e7c
1873,626,247,1000,1719,69a52cf4c9e7c
1889,628,241,1000,1719,69a52cf4c9e7c
1906,629,237,1000,1719,69a52cf4c9e7c
1913,629,234,1000,1719,69a52cf4c9e7c
2667,628,235,1000,1719,69a52cf4c9e7c
2683,608,242,1000,1719,69a52cf4c9e7c
2699,589,250,1000,1719,69a52cf4c9e7c
2715,578,256,1000,1719,69a52cf4c9e7c
2729,571,261,1000,1719,69a52cf4c9e7c
2746,563,267,1000,1719,69a52cf4c9e7c
2770,554,275,1000,1719,69a52cf4c9e7c
2777,551,278,1000,1719,69a52cf4c9e7c
2800,542,285,1000,1719,69a52cf4c9e7c
2816,537,290,1000,1719,69a52cf4c9e7c
2832,532,296,1000,1719,69a52cf4c9e7c
2848,528,299,1000,1719,69a52cf4c9e7c
2869,524,306,1000,1719,69a52cf4c9e7c
2886,523,309,1000,1719,69a52cf4c9e7c
2902,524,313,1000,1719,69a52cf4c9e7c
2918,529,318,1000,1719,69a52cf4c9e7c
2934,534,322,1000,1719,69a52cf4c9e7c
2948,539,326,1000,1719,69a52cf4c9e7c
2963,543,328,1000,1719,69a52cf4c9e7c
2980,549,329,1000,1719,69a52cf4c9e7c
2996,558,327,1000,1719,69a52cf4c9e7c
3018,573,319,1000,1719,69a52cf4c9e7c
3034,579,313,1000,1719,69a52cf4c9e7c
3050,582,310,1000,1719,69a52cf4c9e7c
3058,584,308,1000,1719,69a52cf4c9e7c
3082,585,307,1000,1719,69a52cf4c9e7c
3859,584,308,1000,1719,69a52cf4c9e7c
3876,582,312,1000,1719,69a52cf4c9e7c
3889,578,317,1000,1719,69a52cf4c9e7c
3905,577,323,1000,1719,69a52cf4c9e7c
3930,575,330,1000,1719,69a52cf4c9e7c
3945,574,334,1000,1719,69a52cf4c9e7c
3961,574,338,1000,1719,69a52cf4c9e7c
3975,574,342,1000,1719,69a52cf4c9e7c
3992,575,346,1000,1719,69a52cf4c9e7c
4008,576,349,1000,1719,69a52cf4c9e7c
4024,577,354,1000,1719,69a52cf4c9e7c
4046,579,359,1000,1719,69a52cf4c9e7c
4062,581,363,1000,1719,69a52cf4c9e7c
4077,582,367,1000,1719,69a52cf4c9e7c
4094,584,372,1000,1719,69a52cf4c9e7c
4107,588,376,1000,1719,69a52cf4c9e7c
4124,590,381,1000,1719,69a52cf4c9e7c
4139,594,386,1000,1719,69a52cf4c9e7c
4148,595,387,1000,1719,69a52cf4c9e7c
4164,595,388,1000,1719,69a52cf4c9e7c
4887,595,389,1000,1719,69a52cf4c9e7c
4904,597,392,1000,1719,69a52cf4c9e7c
4919,598,396,1000,1719,69a52cf4c9e7c
4934,601,401,1000,1719,69a52cf4c9e7c
4950,603,406,1000,1719,69a52cf4c9e7c
4973,605,414,1000,1719,69a52cf4c9e7c
4989,607,420,1000,1719,69a52cf4c9e7c
5003,608,425,1000,1719,69a52cf4c9e7c
5020,608,427,1000,1719,69a52cf4c9e7c
5036,608,431,1000,1719,69a52cf4c9e7c
5051,609,434,1000,1719,69a52cf4c9e7c
5065,609,437,1000,1719,69a52cf4c9e7c
5089,609,440,1000,1719,69a52cf4c9e7c
5106,610,443,1000,1719,69a52cf4c9e7c
5121,610,446,1000,1719,69a52cf4c9e7c
5135,610,448,1000,1719,69a52cf4c9e7c
5319,610,449,1000,1719,69a52cf4c9e7c
5920,610,450,1000,1719,69a52cf4c9e7c
5934,610,455,1000,1719,69a52cf4c9e7c
5949,610,460,1000,1719,69a52cf4c9e7c
5973,610,465,1000,1719,69a52cf4c9e7c
5989,610,468,1000,1719,69a52cf4c9e7c
6008,610,470,1000,1719,69a52cf4c9e7c
6020,610,471,1000,1719,69a52cf4c9e7c
6068,610,472,1000,1719,69a52cf4c9e7c
6312,610,471,1000,1719,69a52cf4c9e7c
6332,610,469,1000,1719,69a52cf4c9e7c
6352,610,468,1000,1719,69a52cf4c9e7c
6369,610,466,1000,1719,69a52cf4c9e7c
6381,610,465,1000,1719,69a52cf4c9e7c
7110,611,466,1000,1719,69a52cf4c9e7c
7125,629,473,1000,1719,69a52cf4c9e7c
7141,648,481,1000,1719,69a52cf4c9e7c
7158,664,488,1000,1719,69a52cf4c9e7c
7171,675,495,1000,1719,69a52cf4c9e7c
7187,681,501,1000,1719,69a52cf4c9e7c
7211,689,504,1000,1719,69a52cf4c9e7c
7227,694,505,1000,1719,69a52cf4c9e7c
7242,695,507,1000,1719,69a52cf4c9e7c
7258,700,509,1000,1719,69a52cf4c9e7c
7274,705,511,1000,1719,69a52cf4c9e7c
7289,709,514,1000,1719,69a52cf4c9e7c
7312,715,516,1000,1719,69a52cf4c9e7c
7327,719,519,1000,1719,69a52cf4c9e7c
7344,724,522,1000,1719,69a52cf4c9e7c
7359,728,524,1000,1719,69a52cf4c9e7c
7375,730,524,1000,1719,69a52cf4c9e7c
7389,731,525,1000,1719,69a52cf4c9e7c
7405,735,527,1000,1719,69a52cf4c9e7c
7421,738,528,1000,1719,69a52cf4c9e7c
7437,741,529,1000,1719,69a52cf4c9e7c
1836,741,528,1000,1719,6228e8878eedc8
1852,741,526,1000,1719,6228e8878eedc8
1860,741,525,1000,1719,6228e8878eedc8
1883,741,524,1000,1719,6228e8878eedc8
2174,742,523,1000,1719,6228e8878eedc8
2190,744,522,1000,1719,6228e8878eedc8
2207,748,521,1000,1719,6228e8878eedc8
2223,752,520,1000,1719,6228e8878eedc8
2237,756,519,1000,1719,6228e8878eedc8
2253,760,519,1000,1719,6228e8878eedc8
2269,765,518,1000,1719,6228e8878eedc8
2293,772,518,1000,1719,6228e8878eedc8
2307,774,518,1000,1719,6228e8878eedc8
2322,776,518,1000,1719,6228e8878eedc8
2339,778,518,1000,1719,6228e8878eedc8
2359,781,519,1000,1719,6228e8878eedc8
2373,785,523,1000,1719,6228e8878eedc8
2389,789,527,1000,1719,6228e8878eedc8
2405,792,531,1000,1719,6228e8878eedc8
2421,795,535,1000,1719,6228e8878eedc8
2437,797,538,1000,1719,6228e8878eedc8
2451,799,542,1000,1719,6228e8878eedc8
2475,799,546,1000,1719,6228e8878eedc8
2491,800,549,1000,1719,6228e8878eedc8
2507,798,552,1000,1719,6228e8878eedc8
2521,793,561,1000,1719,6228e8878eedc8
2537,788,569,1000,1719,6228e8878eedc8
2553,782,576,1000,1719,6228e8878eedc8
2577,774,584,1000,1719,6228e8878eedc8
2591,768,588,1000,1719,6228e8878eedc8
2607,763,591,1000,1719,6228e8878eedc8
2623,758,596,1000,1719,6228e8878eedc8
2639,751,602,1000,1719,6228e8878eedc8
2655,741,604,1000,1719,6228e8878eedc8
2669,730,608,1000,1719,6228e8878eedc8
2693,707,612,1000,1719,6228e8878eedc8
2709,688,617,1000,1719,6228e8878eedc8
2725,671,620,1000,1719,6228e8878eedc8
2739,661,624,1000,1719,6228e8878eedc8
2754,650,627,1000,1719,6228e8878eedc8
2771,640,629,1000,1719,6228e8878eedc8
2787,631,629,1000,1719,6228e8878eedc8
2808,618,632,1000,1719,6228e8878eedc8
2825,613,633,1000,1719,6228e8878eedc8
2841,607,636,1000,1719,6228e8878eedc8
2856,602,637,1000,1719,6228e8878eedc8
2873,597,638,1000,1719,6228e8878eedc8
2887,591,640,1000,1719,6228e8878eedc8
2903,587,641,1000,1719,6228e8878eedc8
2927,580,643,1000,1719,6228e8878eedc8
2943,575,644,1000,1719,6228e8878eedc8
2957,571,646,1000,1719,6228e8878eedc8
2972,565,648,1000,1719,6228e8878eedc8
2989,558,650,1000,1719,6228e8878eedc8
3005,552,652,1000,1719,6228e8878eedc8
3019,546,654,1000,1719,6228e8878eedc8
3043,539,656,1000,1719,6228e8878eedc8
3058,534,658,1000,1719,6228e8878eedc8
3075,530,660,1000,1719,6228e8878eedc8
3088,526,662,1000,1719,6228e8878eedc8
3105,524,663,1000,1719,6228e8878eedc8
3125,522,665,1000,1719,6228e8878eedc8
3140,519,667,1000,1719,6228e8878eedc8
3157,516,668,1000,1719,6228e8878eedc8
3163,516,669,1000,1719,6228e8878eedc8
3607,513,868,1000,1719,6228e8878eedc8
3623,507,881,1000,1719,6228e8878eedc8
3638,501,894,1000,1719,6228e8878eedc8
3654,492,902,1000,1719,6228e8878eedc8
3677,482,894,1000,1719,6228e8878eedc8
3685,479,905,1000,1719,6228e8878eedc8
3713,478,929,1000,1719,6228e8878eedc8
3739,477,931,1000,1719,6228e8878eedc8
3759,475,929,1000,1719,6228e8878eedc8
3775,473,926,1000,1719,6228e8878eedc8
3784,473,925,1000,1719,6228e8878eedc8
3799,473,924,1000,1719,6228e8878eedc8
3817,472,922,1000,1719,6228e8878eedc8
3833,472,921,1000,1719,6228e8878eedc8
3849,472,920,1000,1719,6228e8878eedc8
3869,472,918,1000,1719,6228e8878eedc8
3885,471,916,1000,1719,6228e8878eedc8
4215,472,1059,1000,1719,6228e8878eedc8
4230,476,1068,1000,1719,6228e8878eedc8
4246,486,1073,1000,1719,6228e8878eedc8
4260,505,1054,1000,1719,6228e8878eedc8
4285,520,1049,1000,1719,6228e8878eedc8
4301,525,1064,1000,1719,6228e8878eedc8
4316,526,1071,1000,1719,6228e8878eedc8
4331,526,1077,1000,1719,6228e8878eedc8
4346,529,1078,1000,1719,6228e8878eedc8
4363,529,1077,1000,1719,6228e8878eedc8
4379,530,1077,1000,1719,6228e8878eedc8
4393,530,1076,1000,1719,6228e8878eedc8
4426,530,1075,1000,1719,6228e8878eedc8
4445,528,1073,1000,1719,6228e8878eedc8
4466,524,1070,1000,1719,6228e8878eedc8
4475,522,1069,1000,1719,6228e8878eedc8
4499,520,1069,1000,1719,6228e8878eedc8
4720,519,1160,1000,1719,6228e8878eedc8
4750,510,1181,1000,1719,6228e8878eedc8
4767,502,1198,1000,1719,6228e8878eedc8
4782,496,1214,1000,1719,6228e8878eedc8
4799,492,1229,1000,1719,6228e8878eedc8
4814,485,1243,1000,1719,6228e8878eedc8
4828,477,1256,1000,1719,6228e8878eedc8
4844,472,1263,1000,1719,6228e8878eedc8
4869,464,1271,1000,1719,6228e8878eedc8
4884,459,1277,1000,1719,6228e8878eedc8
4900,452,1283,1000,1719,6228e8878eedc8
4915,447,1289,1000,1719,6228e8878eedc8
4930,442,1293,1000,1719,6228e8878eedc8
4946,438,1298,1000,1719,6228e8878eedc8
4963,434,1302,1000,1719,6228e8878eedc8
4985,430,1307,1000,1719,6228e8878eedc8
5001,427,1310,1000,1719,6228e8878eedc8
5017,423,1314,1000,1719,6228e8878eedc8
5033,418,1318,1000,1719,6228e8878eedc8
5047,414,1323,1000,1719,6228e8878eedc8
5062,409,1328,1000,1719,6228e8878eedc8
5079,404,1332,1000,1719,6228e8878eedc8
5094,401,1336,1000,1719,6228e8878eedc8
5117,396,1344,1000,1719,6228e8878eedc8
5133,392,1349,1000,1719,6228e8878eedc8
5149,390,1353,1000,1719,6228e8878eedc8
5165,387,1358,1000,1719,6228e8878eedc8
5181,386,1363,1000,1719,6228e8878eedc8
5195,385,1367,1000,1719,6228e8878eedc8
5218,385,1374,1000,1719,6228e8878eedc8
5243,383,1382,1000,1719,6228e8878eedc8
5258,381,1387,1000,1719,6228e8878eedc8
5272,383,1391,1000,1719,6228e8878eedc8
5289,386,1396,1000,1719,6228e8878eedc8
5304,391,1401,1000,1719,6228e8878eedc8
5321,395,1403,1000,1719,6228e8878eedc8
5339,396,1405,1000,1719,6228e8878eedc8
6589,396,1404,1000,1719,6228e8878eedc8
6604,395,1395,1000,1719,6228e8878eedc8
6621,389,1383,1000,1719,6228e8878eedc8
6634,379,1371,1000,1719,6228e8878eedc8
6651,372,1359,1000,1719,6228e8878eedc8
6667,366,1349,1000,1719,6228e8878eedc8
6682,361,1342,1000,1719,6228e8878eedc8
6704,358,1332,1000,1719,6228e8878eedc8
6720,357,1330,1000,1719,6228e8878eedc8
6737,354,1324,1000,1719,6228e8878eedc8
6752,352,1323,1000,1719,6228e8878eedc8
6760,352,1322,1000,1719,6228e8878eedc8
1303,343,634,1000,1719,ce9ee520105c58
1327,305,617,1000,1719,ce9ee520105c58
1343,279,607,1000,1719,ce9ee520105c58
1357,253,591,1000,1719,ce9ee520105c58
1373,233,581,1000,1719,ce9ee520105c58
1389,221,570,1000,1719,ce9ee520105c58
1405,213,560,1000,1719,ce9ee520105c58
1426,200,547,1000,1719,ce9ee520105c58
1442,190,539,1000,1719,ce9ee520105c58
1459,183,532,1000,1719,ce9ee520105c58
1475,180,526,1000,1719,ce9ee520105c58
1488,177,520,1000,1719,ce9ee520105c58
1505,173,515,1000,1719,ce9ee520105c58
1520,171,510,1000,1719,ce9ee520105c58
1537,168,505,1000,1719,ce9ee520105c58
1558,164,497,1000,1719,ce9ee520105c58
1575,163,492,1000,1719,ce9ee520105c58
1591,162,488,1000,1719,ce9ee520105c58
1607,161,485,1000,1719,ce9ee520105c58
1623,160,480,1000,1719,ce9ee520105c58
1637,157,476,1000,1719,ce9ee520105c58
1653,156,472,1000,1719,ce9ee520105c58
1669,156,470,1000,1719,ce9ee520105c58
1693,157,465,1000,1719,ce9ee520105c58
1707,158,462,1000,1719,ce9ee520105c58
1723,159,460,1000,1719,ce9ee520105c58
1738,160,459,1000,1719,ce9ee520105c58
1759,162,458,1000,1719,ce9ee520105c58
1775,165,457,1000,1719,ce9ee520105c58
1789,168,456,1000,1719,ce9ee520105c58
1804,170,456,1000,1719,ce9ee520105c58
1821,172,456,1000,1719,ce9ee520105c58
3371,173,456,1000,1719,ce9ee520105c58
3385,174,456,1000,1719,ce9ee520105c58
3401,178,456,1000,1719,ce9ee520105c58
3417,182,455,1000,1719,ce9ee520105c58
3434,186,454,1000,1719,ce9ee520105c58
3443,187,453,1000,1719,ce9ee520105c58
3521,188,452,1000,1719,ce9ee520105c58
3549,189,452,1000,1719,ce9ee520105c58
3573,189,451,1000,1719,ce9ee520105c58
3599,189,451,1000,1719,ce9ee520105c58
3612,190,450,1000,1719,ce9ee520105c58
3628,191,449,1000,1719,ce9ee520105c58
3643,192,446,1000,1719,ce9ee520105c58
3657,193,444,1000,1719,ce9ee520105c58
3678,195,442,1000,1719,ce9ee520105c58
3694,196,440,1000,1719,ce9ee520105c58
3717,198,438,1000,1719,ce9ee520105c58
3733,199,437,1000,1719,ce9ee520105c58
3752,199,436,1000,1719,ce9ee520105c58
3760,200,436,1000,1719,ce9ee520105c58
3779,202,435,1000,1719,ce9ee520105c58
3795,205,435,1000,1719,ce9ee520105c58
3817,211,438,1000,1719,ce9ee520105c58
3833,217,442,1000,1719,ce9ee520105c58
3849,223,448,1000,1719,ce9ee520105c58
3857,225,449,1000,1719,ce9ee520105c58
3865,226,450,1000,1719,ce9ee520105c58
3880,230,454,1000,1719,ce9ee520105c58
3895,234,457,1000,1719,ce9ee520105c58
3911,237,461,1000,1719,ce9ee520105c58
3928,240,462,1000,1719,ce9ee520105c58
3935,242,463,1000,1719,ce9ee520105c58
853,243,463,1000,1719,a2a2a88c3d74
868,244,462,1000,1719,a2a2a88c3d74
884,245,462,1000,1719,a2a2a88c3d74
900,246,461,1000,1719,a2a2a88c3d74
916,249,460,1000,1719,a2a2a88c3d74
938,253,456,1000,1719,a2a2a88c3d74
954,258,453,1000,1719,a2a2a88c3d74
962,261,450,1000,1719,a2a2a88c3d74
986,273,441,1000,1719,a2a2a88c3d74
994,277,439,1000,1719,a2a2a88c3d74
1007,286,433,1000,1719,a2a2a88c3d74
1032,297,425,1000,1719,a2a2a88c3d74
1056,305,418,1000,1719,a2a2a88c3d74
1072,309,415,1000,1719,a2a2a88c3d74
1102,313,411,1000,1719,a2a2a88c3d74
1118,317,410,1000,1719,a2a2a88c3d74
1133,321,409,1000,1719,a2a2a88c3d74
1147,325,408,1000,1719,a2a2a88c3d74
1172,332,408,1000,1719,a2a2a88c3d74
1188,341,410,1000,1719,a2a2a88c3d74
1204,350,413,1000,1719,a2a2a88c3d74
1218,359,417,1000,1719,a2a2a88c3d74
1233,363,421,1000,1719,a2a2a88c3d74
1250,367,424,1000,1719,a2a2a88c3d74
1269,369,426,1000,1719,a2a2a88c3d74
1283,370,427,1000,1719,a2a2a88c3d74
1300,372,429,1000,1719,a2a2a88c3d74
1315,374,433,1000,1719,a2a2a88c3d74
1340,376,436,1000,1719,a2a2a88c3d74
1356,377,440,1000,1719,a2a2a88c3d74
1370,378,444,1000,1719,a2a2a88c3d74
1386,379,448,1000,1719,a2a2a88c3d74
1402,379,451,1000,1719,a2a2a88c3d74
1417,380,454,1000,1719,a2a2a88c3d74
1436,380,456,1000,1719,a2a2a88c3d74
2109,378,457,1000,1719,a2a2a88c3d74
2134,368,460,1000,1719,a2a2a88c3d74
2150,359,461,1000,1719,a2a2a88c3d74
2164,352,462,1000,1719,a2a2a88c3d74
2172,348,462,1000,1719,a2a2a88c3d74
2192,346,462,1000,1719,a2a2a88c3d74
2216,344,462,1000,1719,a2a2a88c3d74
2230,340,462,1000,1719,a2a2a88c3d74
2246,335,462,1000,1719,a2a2a88c3d74
2262,330,462,1000,1719,a2a2a88c3d74
2285,323,462,1000,1719,a2a2a88c3d74
2300,319,462,1000,1719,a2a2a88c3d74
2316,314,462,1000,1719,a2a2a88c3d74
2332,310,461,1000,1719,a2a2a88c3d74
2347,305,461,1000,1719,a2a2a88c3d74
2364,298,460,1000,1719,a2a2a88c3d74
2378,291,458,1000,1719,a2a2a88c3d74
2394,283,456,1000,1719,a2a2a88c3d74
2410,276,455,1000,1719,a2a2a88c3d74
2434,270,454,1000,1719,a2a2a88c3d74
2442,268,453,1000,1719,a2a2a88c3d74
2464,265,451,1000,1719,a2a2a88c3d74
2480,262,451,1000,1719,a2a2a88c3d74
2496,257,450,1000,1719,a2a2a88c3d74
2518,251,449,1000,1719,a2a2a88c3d74
2534,247,449,1000,1719,a2a2a88c3d74
2550,243,448,1000,1719,a2a2a88c3d74
2566,240,448,1000,1719,a2a2a88c3d74
2580,236,448,1000,1719,a2a2a88c3d74
2596,232,449,1000,1719,a2a2a88c3d74
2612,229,449,1000,1719,a2a2a88c3d74
2632,227,450,1000,1719,a2a2a88c3d74
2658,227,451,1000,1719,a2a2a88c3d74
2702,226,451,1000,1719,a2a2a88c3d74
2835,226,452,1000,1719,a2a2a88c3d74
3760,228,450,1000,1719,a2a2a88c3d74
3776,231,445,1000,1719,a2a2a88c3d74
3800,237,438,1000,1719,a2a2a88c3d74
3808,239,435,1000,1719,a2a2a88c3d74
3822,244,430,1000,1719,a2a2a88c3d74
3838,249,424,1000,1719,a2a2a88c3d74
3853,254,418,1000,1719,a2a2a88c3d74
3878,262,406,1000,1719,a2a2a88c3d74
3891,266,396,1000,1719,a2a2a88c3d74
3908,271,388,1000,1719,a2a2a88c3d74
3924,275,382,1000,1719,a2a2a88c3d74
3940,279,377,1000,1719,a2a2a88c3d74
3954,282,371,1000,1719,a2a2a88c3d74
3978,287,364,1000,1719,a2a2a88c3d74
3993,289,359,1000,1719,a2a2a88c3d74
4009,290,354,1000,1719,a2a2a88c3d74
4125,285,363,1000,1719,a2a2a88c3d74
4141,272,374,1000,1719,a2a2a88c3d74
4157,266,380,1000,1719,a2a2a88c3d74
4171,260,385,1000,1719,a2a2a88c3d74
4195,254,389,1000,1719,a2a2a88c3d74
4212,250,392,1000,1719,a2a2a88c3d74
4228,246,396,1000,1719,a2a2a88c3d74
4242,241,401,1000,1719,a2a2a88c3d74
4257,237,404,1000,1719,a2a2a88c3d74
4273,235,407,1000,1719,a2a2a88c3d74
4290,231,411,1000,1719,a2a2a88c3d74
4312,224,419,1000,1719,a2a2a88c3d74
4327,219,424,1000,1719,a2a2a88c3d74
4344,214,429,1000,1719,a2a2a88c3d74
4360,212,431,1000,1719,a2a2a88c3d74
4376,210,434,1000,1719,a2a2a88c3d74
4393,209,436,1000,1719,a2a2a88c3d74
4409,209,440,1000,1719,a2a2a88c3d74
4426,208,444,1000,1719,a2a2a88c3d74
4442,208,448,1000,1719,a2a2a88c3d74
4455,208,451,1000,1719,a2a2a88c3d74
4468,208,452,1000,1719,a2a2a88c3d74
5562,209,451,1000,1719,a2a2a88c3d74
5582,211,449,1000,1719,a2a2a88c3d74
5596,214,445,1000,1719,a2a2a88c3d74
5619,217,439,1000,1719,a2a2a88c3d74
5636,219,436,1000,1719,a2a2a88c3d74
5651,221,432,1000,1719,a2a2a88c3d74
5676,224,425,1000,1719,a2a2a88c3d74
5696,226,419,1000,1719,a2a2a88c3d74
5721,230,412,1000,1719,a2a2a88c3d74
5736,235,407,1000,1719,a2a2a88c3d74
5753,239,401,1000,1719,a2a2a88c3d74
5767,244,392,1000,1719,a2a2a88c3d74
5783,250,381,1000,1719,a2a2a88c3d74
5799,257,369,1000,1719,a2a2a88c3d74
5815,265,354,1000,1719,a2a2a88c3d74
5837,276,340,1000,1719,a2a2a88c3d74
5853,281,332,1000,1719,a2a2a88c3d74
5868,287,327,1000,1719,a2a2a88c3d74
5885,293,321,1000,1719,a2a2a88c3d74
5900,299,313,1000,1719,a2a2a88c3d74
5916,307,304,1000,1719,a2a2a88c3d74
5931,316,297,1000,1719,a2a2a88c3d74
5946,323,291,1000,1719,a2a2a88c3d74
5963,328,286,1000,1719,a2a2a88c3d74
5985,335,277,1000,1719,a2a2a88c3d74
6001,339,272,1000,1719,a2a2a88c3d74
6018,345,266,1000,1719,a2a2a88c3d74
6032,354,258,1000,1719,a2a2a88c3d74
6047,365,253,1000,1719,a2a2a88c3d74
6062,380,244,1000,1719,a2a2a88c3d74
6088,398,235,1000,1719,a2a2a88c3d74
6103,407,230,1000,1719,a2a2a88c3d74
6117,415,229,1000,1719,a2a2a88c3d74
6133,421,227,1000,1719,a2a2a88c3d74
6148,431,222,1000,1719,a2a2a88c3d74
6164,443,221,1000,1719,a2a2a88c3d74
6180,459,216,1000,1719,a2a2a88c3d74
6202,479,210,1000,1719,a2a2a88c3d74
6219,486,206,1000,1719,a2a2a88c3d74
6235,492,204,1000,1719,a2a2a88c3d74
6252,495,203,1000,1719,a2a2a88c3d74
6266,497,203,1000,1719,a2a2a88c3d74
6282,499,204,1000,1719,a2a2a88c3d74
6297,504,206,1000,1719,a2a2a88c3d74
6313,507,209,1000,1719,a2a2a88c3d74
6334,513,213,1000,1719,a2a2a88c3d74
6351,518,215,1000,1719,a2a2a88c3d74
6359,520,217,1000,1719,a2a2a88c3d74
6387,522,218,1000,1719,a2a2a88c3d74
6403,524,220,1000,1719,a2a2a88c3d74
6417,527,222,1000,1719,a2a2a88c3d74
6432,531,224,1000,1719,a2a2a88c3d74
6448,535,226,1000,1719,a2a2a88c3d74
6465,540,227,1000,1719,a2a2a88c3d74
6487,546,230,1000,1719,a2a2a88c3d74
6502,550,231,1000,1719,a2a2a88c3d74
6518,556,231,1000,1719,a2a2a88c3d74
6535,562,231,1000,1719,a2a2a88c3d74
6548,567,230,1000,1719,a2a2a88c3d74
6565,569,228,1000,1719,a2a2a88c3d74
6581,571,228,1000,1719,a2a2a88c3d74
6609,572,228,1000,1719,a2a2a88c3d74
6630,575,226,1000,1719,a2a2a88c3d74
6646,579,225,1000,1719,a2a2a88c3d74
6662,581,224,1000,1719,a2a2a88c3d74
1045,582,225,1000,1719,10b707fa10f0c8
1082,586,232,1000,1719,10b707fa10f0c8
1090,586,234,1000,1719,10b707fa10f0c8
1104,588,239,1000,1719,10b707fa10f0c8
1120,591,243,1000,1719,10b707fa10f0c8
1137,591,245,1000,1719,10b707fa10f0c8
1149,591,246,1000,1719,10b707fa10f0c8
1185,592,246,1000,1719,10b707fa10f0c8
1707,592,247,1000,1719,10b707fa10f0c8
1740,590,252,1000,1719,10b707fa10f0c8
1754,589,256,1000,1719,10b707fa10f0c8
1770,587,260,1000,1719,10b707fa10f0c8
1785,584,268,1000,1719,10b707fa10f0c8
1802,581,275,1000,1719,10b707fa10f0c8
1824,580,282,1000,1719,10b707fa10f0c8
1840,579,284,1000,1719,10b707fa10f0c8
1855,578,286,1000,1719,10b707fa10f0c8
1872,578,289,1000,1719,10b707fa10f0c8
1886,577,291,1000,1719,10b707fa10f0c8
1902,576,293,1000,1719,10b707fa10f0c8
1918,576,295,1000,1719,10b707fa10f0c8
1934,574,298,1000,1719,10b707fa10f0c8
1949,573,301,1000,1719,10b707fa10f0c8
1964,572,302,1000,1719,10b707fa10f0c8
2007,572,303,1000,1719,10b707fa10f0c8
2032,571,305,1000,1719,10b707fa10f0c8
2057,571,306,1000,1719,10b707fa10f0c8
2086,571,308,1000,1719,10b707fa10f0c8
2102,571,309,1000,1719,10b707fa10f0c8
2131,571,310,1000,1719,10b707fa10f0c8
2550,571,311,1000,1719,10b707fa10f0c8
2572,572,313,1000,1719,10b707fa10f0c8
2588,573,314,1000,1719,10b707fa10f0c8
2604,575,316,1000,1719,10b707fa10f0c8
2620,577,318,1000,1719,10b707fa10f0c8
2633,578,320,1000,1719,10b707fa10f0c8
2650,580,323,1000,1719,10b707fa10f0c8
2666,582,326,1000,1719,10b707fa10f0c8
2690,584,331,1000,1719,10b707fa10f0c8
2704,585,333,1000,1719,10b707fa10f0c8
2720,587,338,1000,1719,10b707fa10f0c8
2737,588,341,1000,1719,10b707fa10f0c8
2752,589,344,1000,1719,10b707fa10f0c8
2774,591,350,1000,1719,10b707fa10f0c8
2790,592,355,1000,1719,10b707fa10f0c8
2806,593,358,1000,1719,10b707fa10f0c8
2822,593,361,1000,1719,10b707fa10f0c8
2838,593,363,1000,1719,10b707fa10f0c8
2852,594,366,1000,1719,10b707fa10f0c8
2867,595,370,1000,1719,10b707fa10f0c8
2884,596,374,1000,1719,10b707fa10f0c8
2892,596,375,1000,1719,10b707fa10f0c8
2908,596,376,1000,1719,10b707fa10f0c8
2946,597,376,1000,1719,10b707fa10f0c8
2974,597,377,1000,1719,10b707fa10f0c8
3218,597,377,1000,1719,10b707fa10f0c8
3234,598,379,1000,1719,10b707fa10f0c8
3250,600,382,1000,1719,10b707fa10f0c8
3274,603,389,1000,1719,10b707fa10f0c8
3287,604,392,1000,1719,10b707fa10f0c8
3304,604,395,1000,1719,10b707fa10f0c8
3320,605,400,1000,1719,10b707fa10f0c8
3335,606,404,1000,1719,10b707fa10f0c8
3350,607,407,1000,1719,10b707fa10f0c8
3373,610,414,1000,1719,10b707fa10f0c8
3406,612,420,1000,1719,10b707fa10f0c8
3419,613,423,1000,1719,10b707fa10f0c8
3436,614,426,1000,1719,10b707fa10f0c8
3452,616,430,1000,1719,10b707fa10f0c8
3467,617,434,1000,1719,10b707fa10f0c8
3490,618,438,1000,1719,10b707fa10f0c8
3506,618,440,1000,1719,10b707fa10f0c8
3522,619,443,1000,1719,10b707fa10f0c8
3538,620,446,1000,1719,10b707fa10f0c8
3568,620,449,1000,1719,10b707fa10f0c8
4085,621,450,1000,1719,10b707fa10f0c8
4102,621,455,1000,1719,10b707fa10f0c8
4126,621,461,1000,1719,10b707fa10f0c8
4139,621,464,1000,1719,10b707fa10f0c8
4171,621,471,1000,1719,10b707fa10f0c8
4188,621,473,1000,1719,10b707fa10f0c8
4204,621,475,1000,1719,10b707fa10f0c8
4217,621,479,1000,1719,10b707fa10f0c8
4225,622,480,1000,1719,10b707fa10f0c8
4434,622,481,1000,1719,10b707fa10f0c8
4460,622,482,1000,1719,10b707fa10f0c8
4550,622,482,1000,1719,10b707fa10f0c8
4572,619,478,1000,1719,10b707fa10f0c8
4588,618,473,1000,1719,10b707fa10f0c8
4596,618,472,1000,1719,10b707fa10f0c8
5052,618,473,1000,1719,10b707fa10f0c8
5068,623,476,1000,1719,10b707fa10f0c8
5090,630,484,1000,1719,10b707fa10f0c8
5105,635,489,1000,1719,10b707fa10f0c8
5122,641,494,1000,1719,10b707fa10f0c8
5138,650,499,1000,1719,10b707fa10f0c8
5152,666,505,1000,1719,10b707fa10f0c8
5167,686,511,1000,1719,10b707fa10f0c8
5184,700,516,1000,1719,10b707fa10f0c8
5191,702,517,1000,1719,10b707fa10f0c8
5307,700,520,1000,1719,10b707fa10f0c8
5323,693,521,1000,1719,10b707fa10f0c8
5339,686,522,1000,1719,10b707fa10f0c8
5356,681,522,1000,1719,10b707fa10f0c8
5369,679,523,1000,1719,10b707fa10f0c8
5386,677,523,1000,1719,10b707fa10f0c8
5398,676,523,1000,1719,10b707fa10f0c8
5429,675,523,1000,1719,10b707fa10f0c8
5442,674,523,1000,1719,10b707fa10f0c8
5780,675,523,1000,1719,10b707fa10f0c8
5799,675,525,1000,1719,10b707fa10f0c8
5814,675,526,1000,1719,10b707fa10f0c8
6090,660,520,1000,1719,10b707fa10f0c8
6105,648,512,1000,1719,10b707fa10f0c8
6121,641,509,1000,1719,10b707fa10f0c8
6138,637,506,1000,1719,10b707fa10f0c8
6154,631,503,1000,1719,10b707fa10f0c8
6168,627,501,1000,1719,10b707fa10f0c8
6183,622,495,1000,1719,10b707fa10f0c8
6207,616,490,1000,1719,10b707fa10f0c8
444,615,487,1000,1719,daf19dad400cb8
497,610,474,1000,1719,daf19dad400cb8
694,610,472,1000,1719,daf19dad400cb8
711,610,471,1000,1719,daf19dad400cb8
724,610,471,1000,1719,daf19dad400cb8
739,609,470,1000,1719,daf19dad400cb8
755,605,469,1000,1719,daf19dad400cb8
778,600,469,1000,1719,daf19dad400cb8
794,596,469,1000,1719,daf19dad400cb8
810,595,469,1000,1719,daf19dad400cb8
826,588,470,1000,1719,daf19dad400cb8
840,574,473,1000,1719,daf19dad400cb8
855,553,477,1000,1719,daf19dad400cb8
871,537,480,1000,1719,daf19dad400cb8
887,526,486,1000,1719,daf19dad400cb8
909,506,493,1000,1719,daf19dad400cb8
925,491,496,1000,1719,daf19dad400cb8
942,481,496,1000,1719,daf19dad400cb8
957,478,496,1000,1719,daf19dad400cb8
1012,481,499,1000,1719,daf19dad400cb8
1028,486,507,1000,1719,daf19dad400cb8
1043,492,516,1000,1719,daf19dad400cb8
1051,495,520,1000,1719,daf19dad400cb8
1073,505,529,1000,1719,daf19dad400cb8
1088,509,533,1000,1719,daf19dad400cb8
1117,511,533,1000,1719,daf19dad400cb8
1378,510,551,1000,1719,daf19dad400cb8
1394,501,571,1000,1719,daf19dad400cb8
1409,488,572,1000,1719,daf19dad400cb8
1424,478,586,1000,1719,daf19dad400cb8
1439,467,604,1000,1719,daf19dad400cb8
1455,455,636,1000,1719,daf19dad400cb8
1471,441,637,1000,1719,daf19dad400cb8
1493,425,668,1000,1719,daf19dad400cb8
1509,421,685,1000,1719,daf19dad400cb8
1519,418,700,1000,1719,daf19dad400cb8
1538,416,714,1000,1719,daf19dad400cb8
1554,415,727,1000,1719,daf19dad400cb8
1586,414,741,1000,1719,daf19dad400cb8
1776,420,925,1000,1719,daf19dad400cb8
1794,436,935,1000,1719,daf19dad400cb8
1809,454,948,1000,1719,daf19dad400cb8
1825,465,960,1000,1719,daf19dad400cb8
1841,473,972,1000,1719,daf19dad400cb8
1854,477,981,1000,1719,daf19dad400cb8
1862,479,990,1000,1719,daf19dad400cb8
2241,477,1159,1000,1719,daf19dad400cb8
2258,475,1181,1000,1719,daf19dad400cb8
2273,473,1217,1000,1719,daf19dad400cb8
2290,471,1217,1000,1719,daf19dad400cb8
2302,468,1233,1000,1719,daf19dad400cb8
2326,463,1263,1000,1719,daf19dad400cb8
2342,459,1279,1000,1719,daf19dad400cb8
2358,454,1282,1000,1719,daf19dad400cb8
2372,450,1310,1000,1719,daf19dad400cb8
2388,445,1325,1000,1719,daf19dad400cb8
2405,440,1340,1000,1719,daf19dad400cb8
2421,436,1354,1000,1719,daf19dad400cb8
2443,429,1367,1000,1719,daf19dad400cb8
2458,425,1376,1000,1719,daf19dad400cb8
2478,423,1377,1000,1719,daf19dad400cb8
2494,419,1385,1000,1719,daf19dad400cb8
2510,414,1391,1000,1719,daf19dad400cb8
2525,410,1396,1000,1719,daf19dad400cb8
2541,407,1398,1000,1719,daf19dad400cb8
2557,406,1400,1000,1719,daf19dad400cb8
2573,404,1404,1000,1719,daf19dad400cb8
2586,401,1408,1000,1719,daf19dad400cb8
2610,398,1410,1000,1719,daf19dad400cb8
2627,397,1411,1000,1719,daf19dad400cb8
2725,396,1412,1000,1719,daf19dad400cb8
2730,394,1412,1000,1719,daf19dad400cb8
2754,392,1412,1000,1719,daf19dad400cb8
2770,389,1412,1000,1719,daf19dad400cb8
4079,389,1412,1000,1719,daf19dad400cb8
4094,392,1409,1000,1719,daf19dad400cb8
4108,395,1407,1000,1719,daf19dad400cb8
4125,397,1406,1000,1719,daf19dad400cb8
4141,399,1404,1000,1719,daf19dad400cb8
4157,404,1400,1000,1719,daf19dad400cb8
4179,409,1396,1000,1719,daf19dad400cb8
4195,411,1394,1000,1719,daf19dad400cb8
4240,412,1393,1000,1719,daf19dad400cb8
4256,413,1392,1000,1719,daf19dad400cb8
4273,415,1390,1000,1719,daf19dad400cb8
4346,416,1390,1000,1719,daf19dad400cb8
4374,416,1389,1000,1719,daf19dad400cb8
4440,415,1390,1000,1719,daf19dad400cb8
4458,414,1392,1000,1719,daf19dad400cb8
4466,413,1392,1000,1719,daf19dad400cb8
4482,413,1393,1000,1719,daf19dad400cb8
4506,411,1395,1000,1719,daf19dad400cb8
4528,408,1397,1000,1719,daf19dad400cb8
4537,408,1398,1000,1719,daf19dad400cb8
1042,409,599,1000,1719,435a9f74996e8
1050,413,593,1000,1719,435a9f74996e8
1072,423,582,1000,1719,435a9f74996e8
1088,430,575,1000,1719,435a9f74996e8
1104,436,569,1000,1719,435a9f74996e8
1126,443,561,1000,1719,435a9f74996e8
1142,449,555,1000,1719,435a9f74996e8
1158,454,550,1000,1719,435a9f74996e8
1174,460,544,1000,1719,435a9f74996e8
1190,465,539,1000,1719,435a9f74996e8
1204,469,535,1000,1719,435a9f74996e8
1285,470,534,1000,1719,435a9f74996e8
1306,472,532,1000,1719,435a9f74996e8
1329,472,531,1000,1719,435a9f74996e8
1356,473,530,1000,1719,435a9f74996e8
1372,474,528,1000,1719,435a9f74996e8
1380,475,527,1000,1719,435a9f74996e8
1524,472,524,1000,1719,435a9f74996e8
1540,464,520,1000,1719,435a9f74996e8
1554,454,516,1000,1719,435a9f74996e8
1570,445,510,1000,1719,435a9f74996e8
1586,436,506,1000,1719,435a9f74996e8
1610,426,498,1000,1719,435a9f74996e8
1625,421,494,1000,1719,435a9f74996e8
1640,414,491,1000,1719,435a9f74996e8
1656,407,487,1000,1719,435a9f74996e8
1672,402,485,1000,1719,435a9f74996e8
1688,397,481,1000,1719,435a9f74996e8
1702,392,477,1000,1719,435a9f74996e8
1726,384,475,1000,1719,435a9f74996e8
1742,377,472,1000,1719,435a9f74996e8
1758,364,471,1000,1719,435a9f74996e8
1772,346,471,1000,1719,435a9f74996e8
1788,326,468,1000,1719,435a9f74996e8
1812,295,464,1000,1719,435a9f74996e8
1820,284,464,1000,1719,435a9f74996e8
1842,255,464,1000,1719,435a9f74996e8
1858,246,464,1000,1719,435a9f74996e8
1866,242,464,1000,1719,435a9f74996e8
1882,240,462,1000,1719,435a9f74996e8
1910,239,461,1000,1719,435a9f74996e8
1940,236,461,1000,1719,435a9f74996e8
1956,233,459,1000,1719,435a9f74996e8
1972,231,459,1000,1719,435a9f74996e8
1986,228,458,1000,1719,435a9f74996e8
1994,227,458,1000,1719,435a9f74996e8
2026,221,458,1000,1719,435a9f74996e8
2042,220,457,1000,1719,435a9f74996e8
2060,219,457,1000,1719,435a9f74996e8
850,220,455,1000,1719,702ee36ddea3f
864,224,450,1000,1719,702ee36ddea3f
880,227,444,1000,1719,702ee36ddea3f
896,231,436,1000,1719,702ee36ddea3f
912,239,422,1000,1719,702ee36ddea3f
929,253,404,1000,1719,702ee36ddea3f
951,287,372,1000,1719,702ee36ddea3f
966,310,349,1000,1719,702ee36ddea3f
982,337,326,1000,1719,702ee36ddea3f
998,367,301,1000,1719,702ee36ddea3f
1013,398,274,1000,1719,702ee36ddea3f
1028,427,256,1000,1719,702ee36ddea3f
1036,434,251,1000,1719,702ee36ddea3f
1061,449,239,1000,1719,702ee36ddea3f
1082,461,233,1000,1719,702ee36ddea3f
1099,467,229,1000,1719,702ee36ddea3f
1115,468,227,1000,1719,702ee36ddea3f
1127,469,227,1000,1719,702ee36ddea3f
1148,474,225,1000,1719,702ee36ddea3f
1165,479,224,1000,1719,702ee36ddea3f
1181,485,224,1000,1719,702ee36ddea3f
1196,491,225,1000,1719,702ee36ddea3f
1212,495,227,1000,1719,702ee36ddea3f
1227,500,230,1000,1719,702ee36ddea3f
1250,507,232,1000,1719,702ee36ddea3f
1266,515,237,1000,1719,702ee36ddea3f
1282,524,242,1000,1719,702ee36ddea3f
1296,531,246,1000,1719,702ee36ddea3f
1312,536,249,1000,1719,702ee36ddea3f
1328,541,250,1000,1719,702ee36ddea3f
1352,548,250,1000,1719,702ee36ddea3f
1367,553,249,1000,1719,702ee36ddea3f
1382,559,245,1000,1719,702ee36ddea3f
1398,565,240,1000,1719,702ee36ddea3f
1414,575,235,1000,1719,702ee36ddea3f
1430,582,229,1000,1719,702ee36ddea3f
1445,586,226,1000,1719,702ee36ddea3f
1460,589,224,1000,1719,702ee36ddea3f
1468,590,224,1000,1719,702ee36ddea3f
1830,590,224,1000,1719,702ee36ddea3f
1845,590,227,1000,1719,702ee36ddea3f
1860,591,231,1000,1719,702ee36ddea3f
1877,591,235,1000,1719,702ee36ddea3f
1892,592,238,1000,1719,702ee36ddea3f
1899,592,239,1000,1719,702ee36ddea3f
2106,592,240,1000,1719,702ee36ddea3f
2126,592,245,1000,1719,702ee36ddea3f
2142,592,255,1000,1719,702ee36ddea3f
2164,591,265,1000,1719,702ee36ddea3f
2179,591,269,1000,1719,702ee36ddea3f
2196,591,273,1000,1719,702ee36ddea3f
2211,591,277,1000,1719,702ee36ddea3f
2225,592,281,1000,1719,702ee36ddea3f
2243,592,287,1000,1719,702ee36ddea3f
2258,591,289,1000,1719,702ee36ddea3f
2294,591,290,1000,1719,702ee36ddea3f
2476,591,291,1000,1719,702ee36ddea3f
2492,593,295,1000,1719,702ee36ddea3f
2513,594,300,1000,1719,702ee36ddea3f
2554,594,301,1000,1719,702ee36ddea3f
2632,594,302,1000,1719,702ee36ddea3f
2792,595,303,1000,1719,702ee36ddea3f
2806,597,310,1000,1719,702ee36ddea3f
2829,601,325,1000,1719,702ee36ddea3f
2845,601,332,1000,1719,702ee36ddea3f
2861,600,337,1000,1719,702ee36ddea3f
2875,599,341,1000,1719,702ee36ddea3f
2916,596,347,1000,1719,702ee36ddea3f
2932,596,350,1000,1719,702ee36ddea3f
2945,595,351,1000,1719,702ee36ddea3f
2953,595,353,1000,1719,702ee36ddea3f
2965,595,354,1000,1719,702ee36ddea3f
2989,594,357,1000,1719,702ee36ddea3f
3011,593,360,1000,1719,702ee36ddea3f
3027,593,362,1000,1719,702ee36ddea3f
3043,592,363,1000,1719,702ee36ddea3f
3179,592,365,1000,1719,702ee36ddea3f
3187,592,366,1000,1719,702ee36ddea3f
3208,592,366,1000,1719,702ee36ddea3f
3265,591,368,1000,1719,702ee36ddea3f
3273,591,369,1000,1719,702ee36ddea3f
3281,591,370,1000,1719,702ee36ddea3f
3300,591,371,1000,1719,702ee36ddea3f
3327,591,373,1000,1719,702ee36ddea3f
3343,591,375,1000,1719,702ee36ddea3f
3359,591,378,1000,1719,702ee36ddea3f
3369,591,379,1000,1719,702ee36ddea3f
3612,592,381,1000,1719,702ee36ddea3f
3628,595,387,1000,1719,702ee36ddea3f
3644,599,393,1000,1719,702ee36ddea3f
3658,602,398,1000,1719,702ee36ddea3f
3682,605,406,1000,1719,702ee36ddea3f
3698,606,411,1000,1719,702ee36ddea3f
3713,605,415,1000,1719,702ee36ddea3f
3728,604,419,1000,1719,702ee36ddea3f
3747,603,421,1000,1719,702ee36ddea3f
3763,602,422,1000,1719,702ee36ddea3f
3779,601,424,1000,1719,702ee36ddea3f
3796,601,427,1000,1719,702ee36ddea3f
3809,600,431,1000,1719,702ee36ddea3f
3825,600,434,1000,1719,702ee36ddea3f
3841,600,437,1000,1719,702ee36ddea3f
3857,600,439,1000,1719,702ee36ddea3f
3871,600,441,1000,1719,702ee36ddea3f
3883,600,442,1000,1719,702ee36ddea3f
3907,600,444,1000,1719,702ee36ddea3f
3931,600,448,1000,1719,702ee36ddea3f
3939,600,449,1000,1719,702ee36ddea3f
3949,600,450,1000,1719,702ee36ddea3f
4196,601,452,1000,1719,702ee36ddea3f
4212,604,455,1000,1719,702ee36ddea3f
4227,608,458,1000,1719,702ee36ddea3f
4242,611,462,1000,1719,702ee36ddea3f
4258,615,468,1000,1719,702ee36ddea3f
4282,620,475,1000,1719,702ee36ddea3f
4297,622,479,1000,1719,702ee36ddea3f
4311,622,484,1000,1719,702ee36ddea3f
4327,623,487,1000,1719,702ee36ddea3f
4343,624,490,1000,1719,702ee36ddea3f
4359,625,493,1000,1719,702ee36ddea3f
4375,626,497,1000,1719,702ee36ddea3f
4397,627,502,1000,1719,702ee36ddea3f
4406,627,503,1000,1719,702ee36ddea3f
4429,629,507,1000,1719,702ee36ddea3f
4437,629,508,1000,1719,702ee36ddea3f
4561,630,510,1000,1719,702ee36ddea3f
4595,631,511,1000,1719,702ee36ddea3f
4759,631,510,1000,1719,702ee36ddea3f
4775,631,510,1000,1719,702ee36ddea3f
4791,631,508,1000,1719,702ee36ddea3f
4813,629,501,1000,1719,702ee36ddea3f
4829,628,496,1000,1719,702ee36ddea3f
4845,627,492,1000,1719,702ee36ddea3f
4861,627,488,1000,1719,702ee36ddea3f
4877,627,484,1000,1719,702ee36ddea3f
4883,627,482,1000,1719,702ee36ddea3f
4961,627,481,1000,1719,702ee36ddea3f
4977,625,479,1000,1719,702ee36ddea3f
5027,625,478,1000,1719,702ee36ddea3f
5043,625,477,1000,1719,702ee36ddea3f
5059,625,474,1000,1719,702ee36ddea3f
5076,625,471,1000,1719,702ee36ddea3f
5089,625,467,1000,1719,702ee36ddea3f
5105,625,465,1000,1719,702ee36ddea3f
5207,625,464,1000,1719,702ee36ddea3f
5245,626,462,1000,1719,702ee36ddea3f
5254,627,461,1000,1719,702ee36ddea3f
5495,629,463,1000,1719,702ee36ddea3f
5512,634,468,1000,1719,702ee36ddea3f
5525,637,473,1000,1719,702ee36ddea3f
5542,642,478,1000,1719,702ee36ddea3f
5558,644,483,1000,1719,702ee36ddea3f
5573,648,488,1000,1719,702ee36ddea3f
5596,654,497,1000,1719,702ee36ddea3f
5611,657,502,1000,1719,702ee36ddea3f
5627,660,506,1000,1719,702ee36ddea3f
5644,663,512,1000,1719,702ee36ddea3f
5660,664,517,1000,1719,702ee36ddea3f
5674,664,521,1000,1719,702ee36ddea3f
5690,664,524,1000,1719,702ee36ddea3f
5710,665,526,1000,1719,702ee36ddea3f
5725,665,529,1000,1719,702ee36ddea3f
5756,665,533,1000,1719,702ee36ddea3f
5927,663,532,1000,1719,702ee36ddea3f
5936,663,531,1000,1719,702ee36ddea3f
6293,663,531,1000,1719,702ee36ddea3f
6306,663,530,1000,1719,702ee36ddea3f
6328,660,522,1000,1719,702ee36ddea3f
6344,651,511,1000,1719,702ee36ddea3f
6360,641,498,1000,1719,702ee36ddea3f
6375,623,477,1000,1719,702ee36ddea3f
6389,608,461,1000,1719,702ee36ddea3f
6405,592,445,1000,1719,702ee36ddea3f
6422,568,425,1000,1719,702ee36ddea3f
6446,540,393,1000,1719,702ee36ddea3f
6461,531,381,1000,1719,702ee36ddea3f
6475,524,372,1000,1719,702ee36ddea3f
6491,518,368,1000,1719,702ee36ddea3f
6507,514,364,1000,1719,702ee36ddea3f
6524,511,361,1000,1719,702ee36ddea3f
6546,504,357,1000,1719,702ee36ddea3f
6562,501,355,1000,1719,702ee36ddea3f
6577,497,352,1000,1719,702ee36ddea3f
6594,492,349,1000,1719,702ee36ddea3f
6608,488,346,1000,1719,702ee36ddea3f
6623,484,345,1000,1719,702ee36ddea3f
6640,479,343,1000,1719,702ee36ddea3f
6664,475,340,1000,1719,702ee36ddea3f
6677,472,339,1000,1719,702ee36ddea3f
6694,468,339,1000,1719,702ee36ddea3f
6710,466,339,1000,1719,702ee36ddea3f
6725,463,341,1000,1719,702ee36ddea3f
6742,460,343,1000,1719,702ee36ddea3f
6764,458,343,1000,1719,702ee36ddea3f
6780,458,344,1000,1719,702ee36ddea3f
6924,458,345,1000,1719,702ee36ddea3f
6940,465,355,1000,1719,702ee36ddea3f
6956,475,366,1000,1719,702ee36ddea3f
6969,481,371,1000,1719,702ee36ddea3f
6985,485,376,1000,1719,702ee36ddea3f
7002,488,379,1000,1719,702ee36ddea3f
7018,491,383,1000,1719,702ee36ddea3f
7039,498,388,1000,1719,702ee36ddea3f
7055,505,390,1000,1719,702ee36ddea3f
7071,506,389,1000,1719,702ee36ddea3f
7087,491,368,1000,1719,702ee36ddea3f
7103,473,341,1000,1719,702ee36ddea3f
7111,469,335,1000,1719,702ee36ddea3f
7214,469,333,1000,1719,702ee36ddea3f
7232,471,328,1000,1719,702ee36ddea3f
7247,474,323,1000,1719,702ee36ddea3f
7261,475,318,1000,1719,702ee36ddea3f
7278,475,315,1000,1719,702ee36ddea3f
7293,470,310,1000,1719,702ee36ddea3f
7309,465,304,1000,1719,702ee36ddea3f
7331,452,292,1000,1719,702ee36ddea3f
7348,441,286,1000,1719,702ee36ddea3f
7364,429,280,1000,1719,702ee36ddea3f
7380,416,276,1000,1719,702ee36ddea3f
7396,400,271,1000,1719,702ee36ddea3f
7410,380,266,1000,1719,702ee36ddea3f
7425,359,263,1000,1719,702ee36ddea3f
7450,326,257,1000,1719,702ee36ddea3f
7466,304,253,1000,1719,702ee36ddea3f
7479,286,249,1000,1719,702ee36ddea3f
7496,276,247,1000,1719,702ee36ddea3f
7511,269,246,1000,1719,702ee36ddea3f
7527,262,242,1000,1719,702ee36ddea3f
7550,256,236,1000,1719,702ee36ddea3f
7566,251,232,1000,1719,702ee36ddea3f
7581,249,229,1000,1719,702ee36ddea3f
7589,248,228,1000,1719,702ee36ddea3f
7612,245,227,1000,1719,702ee36ddea3f
7620,245,226,1000,1719,702ee36ddea3f
7900,244,226,1000,1719,702ee36ddea3f
930,244,226,1000,1719,f139e8daf1c26
949,239,230,1000,1719,f139e8daf1c26
972,213,239,1000,1719,f139e8daf1c26
987,188,248,1000,1719,f139e8daf1c26
995,175,252,1000,1719,f139e8daf1c26
1020,124,262,1000,1719,f139e8daf1c26
1033,98,268,1000,1719,f139e8daf1c26
1049,85,268,1000,1719,f139e8daf1c26
1061,85,270,1000,1719,f139e8daf1c26
1082,85,271,1000,1719,f139e8daf1c26
1103,113,281,1000,1719,f139e8daf1c26
1119,158,286,1000,1719,f139e8daf1c26
1127,184,288,1000,1719,f139e8daf1c26
1151,300,278,1000,1719,f139e8daf1c26
1165,378,268,1000,1719,f139e8daf1c26
1181,424,271,1000,1719,f139e8daf1c26
1198,437,275,1000,1719,f139e8daf1c26
1206,439,277,1000,1719,f139e8daf1c26
1354,438,277,1000,1719,f139e8daf1c26
1369,431,280,1000,1719,f139e8daf1c26
1383,417,285,1000,1719,f139e8daf1c26
1399,402,289,1000,1719,f139e8daf1c26
1415,386,295,1000,1719,f139e8daf1c26
1431,365,300,1000,1719,f139e8daf1c26
1453,338,305,1000,1719,f139e8daf1c26
1470,324,311,1000,1719,f139e8daf1c26
1485,313,318,1000,1719,f139e8daf1c26
1501,304,323,1000,1719,f139e8daf1c26
1517,297,330,1000,1719,f139e8daf1c26
1532,291,334,1000,1719,f139e8daf1c26
1547,288,336,1000,1719,f139e8daf1c26
1605,287,355,1000,1719,f139e8daf1c26
1629,287,369,1000,1719,f139e8daf1c26
1667,288,404,1000,1719,f139e8daf1c26
1683,290,424,1000,1719,f139e8daf1c26
1699,295,421,1000,1719,f139e8daf1c26
1715,301,435,1000,1719,f139e8daf1c26
1737,316,463,1000,1719,f139e8daf1c26
1753,332,456,1000,1719,f139e8daf1c26
1770,349,466,1000,1719,f139e8daf1c26
1785,370,488,1000,1719,f139e8daf1c26
1801,391,493,1000,1719,f139e8daf1c26
1815,413,484,1000,1719,f139e8daf1c26
1832,432,495,1000,1719,f139e8daf1c26
1848,440,495,1000,1719,f139e8daf1c26
1864,446,498,1000,1719,f139e8daf1c26
2000,444,575,1000,1719,f139e8daf1c26
2015,421,592,1000,1719,f139e8daf1c26
2037,373,608,1000,1719,f139e8daf1c26
2053,343,625,1000,1719,f139e8daf1c26
2069,318,644,1000,1719,f139e8daf1c26
2085,305,650,1000,1719,f139e8daf1c26
2101,295,656,1000,1719,f139e8daf1c26
2115,287,658,1000,1719,f139e8daf1c26
2132,282,662,1000,1719,f139e8daf1c26
2148,277,666,1000,1719,f139e8daf1c26
2171,271,669,1000,1719,f139e8daf1c26
2186,267,672,1000,1719,f139e8daf1c26
2193,266,673,1000,1719,f139e8daf1c26
2218,265,673,1000,1719,f139e8daf1c26
2337,268,669,1000,1719,f139e8daf1c26
2354,274,666,1000,1719,f139e8daf1c26
2370,288,661,1000,1719,f139e8daf1c26
2385,303,659,1000,1719,f139e8daf1c26
2399,312,659,1000,1719,f139e8daf1c26
2415,319,659,1000,1719,f139e8daf1c26
2432,327,656,1000,1719,f139e8daf1c26
2447,332,662,1000,1719,f139e8daf1c26
2469,341,659,1000,1719,f139e8daf1c26
2485,345,662,1000,1719,f139e8daf1c26
2495,346,669,1000,1719,f139e8daf1c26
2518,346,686,1000,1719,f139e8daf1c26
2545,347,700,1000,1719,f139e8daf1c26
2583,348,748,1000,1719,f139e8daf1c26
2599,349,766,1000,1719,f139e8daf1c26
2634,350,799,1000,1719,f139e8daf1c26
2653,352,815,1000,1719,f139e8daf1c26
2669,354,829,1000,1719,f139e8daf1c26
2683,356,843,1000,1719,f139e8daf1c26
2699,359,855,1000,1719,f139e8daf1c26
2715,363,865,1000,1719,f139e8daf1c26
2731,368,873,1000,1719,f139e8daf1c26
2769,382,876,1000,1719,f139e8daf1c26
2785,385,891,1000,1719,f139e8daf1c26
2801,390,887,1000,1719,f139e8daf1c26
2816,402,890,1000,1719,f139e8daf1c26
2838,428,886,1000,1719,f139e8daf1c26
2847,436,885,1000,1719,f139e8daf1c26
2870,451,882,1000,1719,f139e8daf1c26
2887,456,880,1000,1719,f139e8daf1c26
2901,459,880,1000,1719,f139e8daf1c26
2915,464,880,1000,1719,f139e8daf1c26
2929,465,880,1000,1719,f139e8daf1c26
3167,465,938,1000,1719,f139e8daf1c26
3185,465,940,1000,1719,f139e8daf1c26
3201,468,956,1000,1719,f139e8daf1c26
3217,473,980,1000,1719,f139e8daf1c26
3234,481,1013,1000,1719,f139e8daf1c26
3250,489,1038,1000,1719,f139e8daf1c26
3271,498,1068,1000,1719,f139e8daf1c26
3287,502,1089,1000,1719,f139e8daf1c26
3303,502,1117,1000,1719,f139e8daf1c26
3319,498,1138,1000,1719,f139e8daf1c26
3332,496,1161,1000,1719,f139e8daf1c26
3349,494,1180,1000,1719,f139e8daf1c26
3364,488,1199,1000,1719,f139e8daf1c26
3380,483,1213,1000,1719,f139e8daf1c26
3403,472,1233,1000,1719,f139e8daf1c26
3418,469,1240,1000,1719,f139e8daf1c26
3434,464,1246,1000,1719,f139e8daf1c26
3452,463,1252,1000,1719,f139e8daf1c26
3464,460,1255,1000,1719,f139e8daf1c26
3505,456,1266,1000,1719,f139e8daf1c26
3520,454,1272,1000,1719,f139e8daf1c26
3535,450,1280,1000,1719,f139e8daf1c26
3551,447,1287,1000,1719,f139e8daf1c26
3567,444,1292,1000,1719,f139e8daf1c26
3582,443,1299,1000,1719,f139e8daf1c26
3599,440,1306,1000,1719,f139e8daf1c26
3612,438,1313,1000,1719,f139e8daf1c26
3638,434,1321,1000,1719,f139e8daf1c26
3652,430,1327,1000,1719,f139e8daf1c26
3669,429,1332,1000,1719,f139e8daf1c26
3684,426,1336,1000,1719,f139e8daf1c26
3698,425,1344,1000,1719,f139e8daf1c26
3714,423,1352,1000,1719,f139e8daf1c26
3730,420,1360,1000,1719,f139e8daf1c26
3754,416,1368,1000,1719,f139e8daf1c26
3768,414,1373,1000,1719,f139e8daf1c26
3785,411,1377,1000,1719,f139e8daf1c26
3800,410,1381,1000,1719,f139e8daf1c26
3816,410,1384,1000,1719,f139e8daf1c26
3830,408,1388,1000,1719,f139e8daf1c26
3846,408,1391,1000,1719,f139e8daf1c26
3862,407,1394,1000,1719,f139e8daf1c26
3886,407,1399,1000,1719,f139e8daf1c26
3901,406,1403,1000,1719,f139e8daf1c26
3917,404,1408,1000,1719,f139e8daf1c26
3933,403,1413,1000,1719,f139e8daf1c26
3949,401,1417,1000,1719,f139e8daf1c26
3968,401,1418,1000,1719,f139e8daf1c26
3982,400,1419,1000,1719,f139e8daf1c26
4629,400,1418,1000,1719,f139e8daf1c26
4648,402,1417,1000,1719,f139e8daf1c26
4665,406,1415,1000,1719,f139e8daf1c26
4680,410,1412,1000,1719,f139e8daf1c26
4702,417,1408,1000,1719,f139e8daf1c26
4718,421,1405,1000,1719,f139e8daf1c26
4734,426,1400,1000,1719,f139e8daf1c26
4751,430,1396,1000,1719,f139e8daf1c26
4766,435,1391,1000,1719,f139e8daf1c26
4780,440,1386,1000,1719,f139e8daf1c26
4796,445,1381,1000,1719,f139e8daf1c26
4812,450,1374,1000,1719,f139e8daf1c26
4836,458,1367,1000,1719,f139e8daf1c26
4850,463,1359,1000,1719,f139e8daf1c26
4866,470,1345,1000,1719,f139e8daf1c26
4882,476,1330,1000,1719,f139e8daf1c26
4900,482,1323,1000,1719,f139e8daf1c26
4921,488,1314,1000,1719,f139e8daf1c26
4937,491,1311,1000,1719,f139e8daf1c26
4953,492,1307,1000,1719,f139e8daf1c26
4968,492,1305,1000,1719,f139e8daf1c26
4978,494,1304,1000,1719,f139e8daf1c26
5068,494,1303,1000,1719,f139e8daf1c26
5084,494,1302,1000,1719,f139e8daf1c26
5092,494,1301,1000,1719,f139e8daf1c26
